Measure,Sector,Unit,Year,Value
Gross domestic product,Not applicable,"Current prices, Millions",2020,70649033.2
Gross domestic product,Not applicable,"Current prices, Millions",2021,83951587.9
Gross domestic product,Not applicable,"Current prices, Millions",2022,103765518.2
Gross domestic product,Not applicable,"Current prices, Millions",2023,119442289.7
Gross domestic product,Not applicable,"Current prices, Millions",2024,136693318.3
Compensation of employees,Total - all activities,"Current prices, Millions",2020,22038361.4
Compensation of employees,Total - all activities,"Current prices, Millions",2021,26151537.8
Compensation of employees,Total - all activities,"Current prices, Millions",2022,31556468.9
Compensation of employees,Total - all activities,"Current prices, Millions",2023,36821377.3
Compensation of employees,Total - all activities,"Current prices, Millions",2024,42403123.3
Wages and salaries,Total - all activities,"Current prices, Millions",2020,19816840.8
Wages and salaries,Total - all activities,"Current prices, Millions",2021,24019773.8
Wages and salaries,Total - all activities,"Current prices, Millions",2022,29624595.2
Wages and salaries,Total - all activities,"Current prices, Millions",2023,34736278.2
Wages and salaries,Total - all activities,"Current prices, Millions",2024,39969609.3
Employers' social contributions,Total - all activities,"Current prices, Millions",2020,2221520.6
Employers' social contributions,Total - all activities,"Current prices, Millions",2021,2131764.0
Employers' social contributions,Total - all activities,"Current prices, Millions",2022,1931873.7
Employers' social contributions,Total - all activities,"Current prices, Millions",2023,2085099.1
Employers' social contributions,Total - all activities,"Current prices, Millions",2024,2433514.0
"Operating surplus and mixed income, gross",Total - all activities,"Current prices, Millions",2020,43469005.6
"Operating surplus and mixed income, gross",Total - all activities,"Current prices, Millions",2021,51645119.9
"Operating surplus and mixed income, gross",Total - all activities,"Current prices, Millions",2022,63306234.8
"Operating surplus and mixed income, gross",Total - all activities,"Current prices, Millions",2023,72605056.8
"Operating surplus and mixed income, gross",Total - all activities,"Current prices, Millions",2024,84420088.7
Taxes on production and imports less subsidies,Not applicable,"Current prices, Millions",2020,5141666.2
Taxes on production and imports less subsidies,Not applicable,"Current prices, Millions",2021,6154930.2
Taxes on production and imports less subsidies,Not applicable,"Current prices, Millions",2022,8902814.5
Taxes on production and imports less subsidies,Not applicable,"Current prices, Millions",2023,10015855.6
Taxes on production and imports less subsidies,Not applicable,"Current prices, Millions",2024,9870106.3
Taxes on production and imports,Not applicable,"Current prices, Millions",2020,5389948.0
Taxes on production and imports,Not applicable,"Current prices, Millions",2021,6460546.6
Taxes on production and imports,Not applicable,"Current prices, Millions",2022,9284220.3
Taxes on production and imports,Not applicable,"Current prices, Millions",2023,10996575.6
Taxes on production and imports,Not applicable,"Current prices, Millions",2024,10992454.7
Subsidies on production and imports,Not applicable,"Current prices, Millions",2020,248281.8
Subsidies on production and imports,Not applicable,"Current prices, Millions",2021,305616.4
Subsidies on production and imports,Not applicable,"Current prices, Millions",2022,381405.8
Subsidies on production and imports,Not applicable,"Current prices, Millions",2023,980720.0
Subsidies on production and imports,Not applicable,"Current prices, Millions",2024,1122348.4
Gross domestic product,Not applicable,"Current prices, Millions",2020,171082.366
Gross domestic product,Not applicable,"Current prices, Millions",2021,197112.255
Gross domestic product,Not applicable,"Current prices, Millions",2022,225496.329
Gross domestic product,Not applicable,"Current prices, Millions",2023,261840.101
Gross domestic product,Not applicable,"Current prices, Millions",2024,291480.275
Compensation of employees,Total - all activities,"Current prices, Millions",2020,53367.68
Compensation of employees,Total - all activities,"Current prices, Millions",2021,61401.919
Compensation of employees,Total - all activities,"Current prices, Millions",2022,68576.421
Compensation of employees,Total - all activities,"Current prices, Millions",2023,80719.427
Compensation of employees,Total - all activities,"Current prices, Millions",2024,90419.006
Wages and salaries,Total - all activities,"Current prices, Millions",2020,47988.088
Wages and salaries,Total - all activities,"Current prices, Millions",2021,56396.691
Wages and salaries,Total - all activities,"Current prices, Millions",2022,64378.202
Wages and salaries,Total - all activities,"Current prices, Millions",2023,76148.495
Wages and salaries,Total - all activities,"Current prices, Millions",2024,85229.862
Employers' social contributions,Total - all activities,"Current prices, Millions",2020,5379.592
Employers' social contributions,Total - all activities,"Current prices, Millions",2021,5005.228
Employers' social contributions,Total - all activities,"Current prices, Millions",2022,4198.22
Employers' social contributions,Total - all activities,"Current prices, Millions",2023,4570.932
Employers' social contributions,Total - all activities,"Current prices, Millions",2024,5189.144
"Operating surplus and mixed income, gross",Total - all activities,"Current prices, Millions",2020,105263.724
"Operating surplus and mixed income, gross",Total - all activities,"Current prices, Millions",2021,121259.006
"Operating surplus and mixed income, gross",Total - all activities,"Current prices, Millions",2022,137572.903
"Operating surplus and mixed income, gross",Total - all activities,"Current prices, Millions",2023,159164.024
"Operating surplus and mixed income, gross",Total - all activities,"Current prices, Millions",2024,180014.583
Taxes on production and imports less subsidies,Not applicable,"Current prices, Millions",2020,12450.962
Taxes on production and imports less subsidies,Not applicable,"Current prices, Millions",2021,14451.331
Taxes on production and imports less subsidies,Not applicable,"Current prices, Millions",2022,19347.005
Taxes on production and imports less subsidies,Not applicable,"Current prices, Millions",2023,21956.651
Taxes on production and imports less subsidies,Not applicable,"Current prices, Millions",2024,21046.686
Taxes on production and imports,Not applicable,"Current prices, Millions",2020,13052.196
Taxes on production and imports,Not applicable,"Current prices, Millions",2021,15168.896
Taxes on production and imports,Not applicable,"Current prices, Millions",2022,20175.851
Taxes on production and imports,Not applicable,"Current prices, Millions",2023,24106.575
Taxes on production and imports,Not applicable,"Current prices, Millions",2024,23439.944
Subsidies on production and imports,Not applicable,"Current prices, Millions",2020,601.235
Subsidies on production and imports,Not applicable,"Current prices, Millions",2021,717.565
Subsidies on production and imports,Not applicable,"Current prices, Millions",2022,828.846
Subsidies on production and imports,Not applicable,"Current prices, Millions",2023,2149.924
Subsidies on production and imports,Not applicable,"Current prices, Millions",2024,2393.258
